{"cameraMode":{"drawMode":0,"name":"Shaded","section":"Shading Mode"},"sceneLighting":true,"audioPlay":false,"sceneViewState":{"m_AlwaysRefresh":false,"showFog":true,"showSkybox":true,"showFlares":true,"showImageEffects":true,"showParticleSystems":true,"showVisualEffectGraphs":true,"m_FxEnabled":true},"in2DMode":false,"pivot":{"x":2.549499750137329,"y":0.30280494689941409,"z":1.0339560508728028},"rotation":{"x":0.6974971890449524,"y":-0.001074876287020743,"z":0.0010462283389642835,"w":0.716587483882904},"size":29.574247360229493,"orthographic":false}